person_id,name,alias,city,record_date
P0001,Vikram Mehta,,Ujjain,2026-04-08
P0002,Neeraj Joshi,,Indore,2026-07-02
P0003,Arjun Khan,Arjun,Gwalior,2026-01-18
P0004,Manish Agrawal,M. Agrawal,Gwalior,2026-08-19
P0005,Rahul Mehta,Rahul,Raipur,2026-06-09
P0006,Neeraj Rao,N. Rao,Indore,2026-02-13
P0007,Vikram Singh,V. Singh,Ujjain,2026-01-24
P0008,Mohit Agrawal,Mohit,Raipur,2026-02-18
P0009,Dev Bansal,D. Bansal,Gwalior,2026-02-02
P0010,Aman Malhotra,Aman,Gwalior,2026-02-13
P0011,Rahul Jain,,Sagar,2026-03-12
P0012,Nitin Rao,,Ujjain,2026-02-20
P0013,Karan Agrawal,,Gwalior,2026-03-15
P0014,Pankaj Nair,,Gwalior,2026-06-27
P0015,Rohan Sethi,Rohan,Sagar,2026-07-09
P0016,Sameer Rao,,Sagar,2026-04-21
P0017,Aditya Yadav,,Nagpur,2026-03-09
P0018,Neeraj Sethi,,Ujjain,2026-07-19
P0019,Pankaj Singh,Pankaj,Jabalpur,2026-08-03
P0020,Rohan Joshi,Rohan,Jabalpur,2026-07-20
P0021,Sameer Yadav,S. Yadav,Nagpur,2026-05-18
P0022,Arjun Joshi,,Ujjain,2026-06-04
P0023,Dev Mishra,Dev,Nagpur,2026-01-24
P0024,Rahul Tiwari,Rahul,Indore,2026-05-27
P0025,Varun Bansal,Varun,Jabalpur,2026-06-25
P0026,Karan Agrawal,,Bhopal,2026-06-16
P0027,Arjun Joshi,A. Joshi,Ujjain,2026-04-02
P0028,Aman Das,Aman,Indore,2026-08-27
P0029,Sameer Agrawal,Sameer,Jabalpur,2026-08-18
P0030,Karan Nair,,Raipur,2026-04-18
P0031,Manish Malhotra,M. Malhotra,Sagar,2026-08-17
P0032,Mohit Joshi,Mohit,Gwalior,2026-02-11
P0033,Arjun Das,,Gwalior,2026-04-01
P0034,Sameer Verma,Sameer,Indore,2026-01-28
P0035,Aakash Khan,,Gwalior,2026-05-22
P0036,Aditya Rao,,Jabalpur,2026-08-08
P0037,Aditya Mishra,Aditya,Indore,2026-02-22
P0038,Suresh Singh,S. Singh,Raipur,2026-08-28
P0039,Rohan Joshi,Rohan,Raipur,2026-06-26
P0040,Vikram Sethi,Vikram,Gwalior,2026-08-05
P0041,Suresh Shah,S. Shah,Nagpur,2026-04-28
P0042,Sameer Jain,,Indore,2026-01-21
P0043,Ravi Mehta,Ravi,Gwalior,2026-03-14
P0044,Aditya Chauhan,Aditya,Raipur,2026-01-06
P0045,Pankaj Mehta,P. Mehta,Ujjain,2026-08-10
P0046,Suresh Agrawal,,Nagpur,2026-03-07
P0047,Dev Rao,Dev,Bhopal,2026-06-02
P0048,Rohan Das,R. Das,Jabalpur,2026-01-17
P0049,Sameer Shah,Sameer,Indore,2026-04-13
P0050,Vikram Das,Vikram,Bhopal,2026-02-14
P0051,Ankit Das,,Sagar,2026-05-07
P0052,Aakash Sethi,A. Sethi,Raipur,2026-03-22
P0053,Dev Jain,D. Jain,Indore,2026-01-15
P0054,Vivek Das,Vivek,Indore,2026-04-17
P0055,Rahul Patel,R. Patel,Indore,2026-04-12
P0056,Dev Shah,D. Shah,Ujjain,2026-01-22
P0057,Ravi Malhotra,,Indore,2026-03-09
P0058,Vikram Joshi,,Jabalpur,2026-05-10
P0059,Vivek Rao,,Sagar,2026-04-22
P0060,Rahul Tiwari,R. Tiwari,Ujjain,2026-01-03
P0061,Suresh Nair,Suresh,Bhopal,2026-06-25
P0062,Neeraj Nair,Neeraj,Nagpur,2026-07-18
P0063,Arjun Joshi,Arjun,Jabalpur,2026-01-27
P0064,Nitin Das,,Jabalpur,2026-07-05
P0065,Rohan Malhotra,R. Malhotra,Bhopal,2026-06-07
P0066,Aman Joshi,A. Joshi,Raipur,2026-03-08
P0067,Karan Shah,K. Shah,Bhopal,2026-03-24
P0068,Aakash Mishra,,Gwalior,2026-05-06
P0069,Vikram Yadav,Vikram,Nagpur,2026-04-07
P0070,Mohit Singh,M. Singh,Gwalior,2026-04-01
P0071,Manish Yadav,M. Yadav,Ujjain,2026-02-25
P0072,Rahul Singh,,Raipur,2026-06-01
P0073,Vikram Nair,Vikram,Ujjain,2026-01-04
P0074,Vivek Mishra,V. Mishra,Sagar,2026-07-20
P0075,Varun Joshi,V. Joshi,Gwalior,2026-05-02
P0076,Suresh Mehta,,Gwalior,2026-06-14
P0077,Sameer Gupta,,Sagar,2026-02-24
P0078,Dev Tiwari,D. Tiwari,Raipur,2026-06-13
P0079,Dev Agrawal,Dev,Gwalior,2026-07-22
P0080,Pankaj Shah,,Ujjain,2026-07-18
P0081,Arjun Malhotra,A. Malhotra,Gwalior,2026-07-26
P0082,Ankit Bansal,,Sagar,2026-08-15
P0083,Mohit Rao,,Nagpur,2026-03-22
P0084,Sameer Malhotra,,Sagar,2026-02-27
P0085,Aman Malhotra,Aman,Gwalior,2026-03-01
P0086,Rohan Sethi,R. Sethi,Indore,2026-08-14
P0087,Ankit Rao,,Raipur,2026-08-13
P0088,Aman Patel,,Bhopal,2026-02-25
P0089,Suresh Sethi,Suresh,Nagpur,2026-01-18
P0090,Aman Joshi,A. Joshi,Jabalpur,2026-08-22
P0091,Varun Agrawal,,Sagar,2026-08-20
P0092,Varun Mishra,,Nagpur,2026-03-24
P0093,Aditya Jain,A. Jain,Gwalior,2026-05-25
P0094,Varun Chauhan,,Gwalior,2026-05-15
P0095,Sameer Malhotra,Sameer,Ujjain,2026-06-11
P0096,Ravi Khan,Ravi,Jabalpur,2026-04-13
P0097,Neeraj Rao,Neeraj,Raipur,2026-07-11
P0098,Ravi Jain,R. Jain,Bhopal,2026-04-27
P0099,Suresh Yadav,,Bhopal,2026-07-16
P0100,Arjun Singh,A. Singh,Raipur,2026-07-18
P0101,Ravi Bansal,Ravi,Nagpur,2026-04-09
P0102,Suresh Chauhan,Suresh,Raipur,2026-06-22
P0103,Pankaj Shah,P. Shah,Jabalpur,2026-01-13
P0104,Ankit Das,,Bhopal,2026-02-21
P0105,Suresh Patel,S. Patel,Jabalpur,2026-01-09
P0106,Pankaj Gupta,Pankaj,Nagpur,2026-06-11
P0107,Pankaj Nair,P. Nair,Ujjain,2026-02-16
P0108,Arjun Agrawal,Arjun,Sagar,2026-04-21
P0109,Sameer Verma,Sameer,Gwalior,2026-04-27
P0110,Arjun Bansal,Arjun,Gwalior,2026-03-16
P0111,Vikram Das,Vikram,Nagpur,2026-05-25
P0112,Nitin Shah,,Indore,2026-03-10
P0113,Vikram Das,Vikram,Ujjain,2026-07-13
P0114,Manish Khan,,Gwalior,2026-02-23
P0115,Dev Bansal,Dev,Bhopal,2026-06-18
P0116,Suresh Singh,Suresh,Sagar,2026-01-28
P0117,Suresh Chauhan,Suresh,Raipur,2026-06-21
P0118,Mohit Patel,M. Patel,Jabalpur,2026-05-20
P0119,Ravi Chauhan,R. Chauhan,Raipur,2026-05-11
P0120,Aman Khan,A. Khan,Nagpur,2026-04-25
P0121,Mohit Das,,Raipur,2026-06-01
P0122,Aditya Gupta,Aditya,Nagpur,2026-04-12
P0123,Rahul Gupta,R. Gupta,Ujjain,2026-01-17
P0124,Manish Khan,Manish,Raipur,2026-08-18
P0125,Aman Chauhan,,Nagpur,2026-08-26
P0126,Arjun Khan,A. Khan,Gwalior,2026-07-23
P0127,Aman Malhotra,,Sagar,2026-08-18
P0128,Varun Singh,V. Singh,Sagar,2026-06-23
P0129,Mohit Nair,M. Nair,Ujjain,2026-04-04
P0130,Manish Gupta,Manish,Jabalpur,2026-04-07
P0131,Aditya Nair,,Ujjain,2026-02-27
P0132,Manish Malhotra,Manish,Sagar,2026-03-10
P0133,Arjun Agrawal,Arjun,Ujjain,2026-01-02
P0134,Ravi Malhotra,,Jabalpur,2026-08-04
P0135,Arjun Das,A. Das,Nagpur,2026-08-15
P0136,Aakash Shah,Aakash,Ujjain,2026-08-04
P0137,Sameer Yadav,S. Yadav,Indore,2026-01-05
P0138,Neeraj Das,N. Das,Indore,2026-04-04
P0139,Ravi Mishra,,Gwalior,2026-07-15
P0140,Mohit Malhotra,,Raipur,2026-05-19
P0141,Vivek Verma,,Indore,2026-04-21
P0142,Manish Nair,,Indore,2026-03-08
P0143,Karan Agrawal,Karan,Jabalpur,2026-01-14
P0144,Mohit Bansal,M. Bansal,Ujjain,2026-01-08
P0145,Dev Malhotra,,Nagpur,2026-02-22
P0146,Aman Nair,,Gwalior,2026-07-04
P0147,Ravi Sethi,,Jabalpur,2026-05-27
P0148,Neeraj Khan,Neeraj,Jabalpur,2026-05-20
P0149,Ankit Malhotra,A. Malhotra,Indore,2026-08-23
P0150,Dev Yadav,D. Yadav,Nagpur,2026-08-03
P0151,Vivek Verma,V. Verma,Sagar,2026-05-01
P0152,Sameer Sethi,,Bhopal,2026-05-19
P0153,Rohan Shah,R. Shah,Nagpur,2026-05-06
P0154,Ankit Mishra,,Nagpur,2026-02-16
P0155,Nitin Mishra,N. Mishra,Sagar,2026-02-28
P0156,Karan Gupta,K. Gupta,Nagpur,2026-05-22
P0157,Pankaj Agrawal,Pankaj,Nagpur,2026-02-11
P0158,Rahul Gupta,Rahul,Raipur,2026-01-22
P0159,Ravi Jain,R. Jain,Bhopal,2026-04-17
P0160,Nitin Bansal,N. Bansal,Nagpur,2026-01-07
P0161,Rahul Agrawal,Rahul,Ujjain,2026-08-23
P0162,Aditya Joshi,Aditya,Gwalior,2026-03-10
P0163,Ravi Mehta,,Raipur,2026-02-08
P0164,Vikram Jain,Vikram,Jabalpur,2026-08-23
P0165,Dev Tiwari,,Ujjain,2026-07-27
P0166,Aditya Chauhan,Aditya,Nagpur,2026-03-13
P0167,Manish Bansal,,Jabalpur,2026-02-09
P0168,Suresh Gupta,,Ujjain,2026-01-10
P0169,Dev Das,,Nagpur,2026-03-15
P0170,Ravi Chauhan,R. Chauhan,Sagar,2026-07-15
P0171,Aakash Rao,,Gwalior,2026-07-08
P0172,Suresh Verma,S. Verma,Nagpur,2026-07-13
P0173,Neeraj Chauhan,Neeraj,Jabalpur,2026-06-28
P0174,Vikram Jain,Vikram,Nagpur,2026-01-24
P0175,Neeraj Mishra,,Jabalpur,2026-02-16
P0176,Rahul Gupta,,Raipur,2026-02-28
P0177,Aakash Agrawal,A. Agrawal,Sagar,2026-08-28
P0178,Ravi Verma,,Indore,2026-04-21
P0179,Dev Sethi,,Indore,2026-07-04
P0180,Vikram Jain,Vikram,Ujjain,2026-01-02
P0181,Aakash Verma,A. Verma,Sagar,2026-06-14
P0182,Neeraj Sethi,,Raipur,2026-03-06
P0183,Karan Khan,,Raipur,2026-04-16
P0184,Ankit Patel,Ankit,Nagpur,2026-05-15
P0185,Rahul Mehta,R. Mehta,Ujjain,2026-03-03
P0186,Mohit Singh,,Ujjain,2026-07-23
P0187,Rahul Jain,R. Jain,Gwalior,2026-07-28
P0188,Aditya Joshi,Aditya,Raipur,2026-06-19
P0189,Dev Malhotra,Dev,Raipur,2026-05-01
P0190,Ankit Verma,,Nagpur,2026-05-25
P0191,Aman Bansal,A. Bansal,Gwalior,2026-04-20
P0192,Rahul Patel,,Indore,2026-01-10
P0193,Mohit Verma,,Sagar,2026-03-03
P0194,Dev Gupta,,Raipur,2026-03-07
P0195,Neeraj Agrawal,N. Agrawal,Ujjain,2026-03-09
P0196,Aditya Malhotra,,Sagar,2026-02-15
P0197,Sameer Patel,Sameer,Raipur,2026-06-03
P0198,Pankaj Mehta,P. Mehta,Indore,2026-08-12
P0199,Rahul Das,R. Das,Sagar,2026-02-22
P0200,Aman Chauhan,Aman,Sagar,2026-04-21
P0201,Sameer Jain,,Ujjain,2026-07-04
P0202,Neeraj Verma,Neeraj,Ujjain,2026-08-04
P0203,Vikram Sethi,,Jabalpur,2026-07-15
P0204,Nitin Agrawal,N. Agrawal,Jabalpur,2026-07-21
P0205,Vikram Chauhan,,Raipur,2026-05-02
P0206,Nitin Rao,N. Rao,Nagpur,2026-04-28
P0207,Nitin Joshi,,Sagar,2026-06-02
P0208,Pankaj Nair,Pankaj,Indore,2026-08-03
P0209,Manish Bansal,Manish,Bhopal,2026-06-08
P0210,Neeraj Das,Neeraj,Indore,2026-04-19
P0211,Manish Sethi,M. Sethi,Jabalpur,2026-01-09
P0212,Neeraj Patel,,Ujjain,2026-03-04
P0213,Arjun Patel,Arjun,Sagar,2026-04-19
P0214,Aakash Mehta,Aakash,Ujjain,2026-01-05
P0215,Suresh Tiwari,Suresh,Indore,2026-08-15
P0216,Nitin Tiwari,,Indore,2026-08-17
P0217,Aman Bansal,Aman,Ujjain,2026-08-21
P0218,Arjun Verma,A. Verma,Raipur,2026-07-22
P0219,Vikram Chauhan,,Nagpur,2026-02-03
P0220,Aakash Bansal,Aakash,Indore,2026-03-09
P0221,Vivek Das,,Sagar,2026-07-20
P0222,Varun Malhotra,V. Malhotra,Raipur,2026-02-26
P0223,Vikram Agrawal,,Gwalior,2026-07-15
P0224,Aman Mishra,A. Mishra,Nagpur,2026-07-14
P0225,Vikram Gupta,V. Gupta,Sagar,2026-05-12
P0226,Neeraj Chauhan,Neeraj,Indore,2026-02-03
P0227,Suresh Joshi,,Sagar,2026-03-18
P0228,Rohan Das,,Sagar,2026-02-14
P0229,Nitin Mishra,,Bhopal,2026-05-20
P0230,Dev Singh,Dev,Gwalior,2026-03-22
P0231,Aditya Sethi,Aditya,Sagar,2026-06-04
P0232,Rahul Das,Rahul,Raipur,2026-01-20
P0233,Rahul Mehta,Rahul,Ujjain,2026-05-11
P0234,Nitin Mehta,Nitin,Jabalpur,2026-07-03
P0235,Neeraj Mehta,Neeraj,Gwalior,2026-07-14
P0236,Mohit Gupta,Mohit,Sagar,2026-05-24
P0237,Aakash Das,,Indore,2026-01-05
P0238,Karan Bansal,Karan,Indore,2026-05-15
P0239,Suresh Chauhan,,Nagpur,2026-07-09
P0240,Manish Tiwari,Manish,Sagar,2026-07-04
P0241,Dev Das,D. Das,Ujjain,2026-01-08
P0242,Pankaj Bansal,Pankaj,Bhopal,2026-04-10
P0243,Manish Patel,M. Patel,Ujjain,2026-06-04
P0244,Arjun Chauhan,,Raipur,2026-03-05
P0245,Pankaj Agrawal,,Gwalior,2026-06-03
P0246,Pankaj Verma,P. Verma,Bhopal,2026-08-03
P0247,Aakash Das,A. Das,Raipur,2026-07-10
P0248,Vikram Yadav,Vikram,Sagar,2026-03-26
P0249,Vivek Jain,,Sagar,2026-02-14
P0250,Vikram Sethi,V. Sethi,Raipur,2026-02-13
P0251,Dev Gupta,Dev,Sagar,2026-03-03
P0252,Varun Joshi,,Gwalior,2026-06-12
P0253,Neeraj Sethi,Neeraj,Jabalpur,2026-05-07
P0254,Karan Bansal,Karan,Indore,2026-03-25
P0255,Aditya Jain,,Nagpur,2026-06-28
P0256,Aakash Patel,A. Patel,Indore,2026-08-15
P0257,Dev Nair,,Bhopal,2026-06-17
P0258,Sameer Malhotra,S. Malhotra,Nagpur,2026-01-02
P0259,Nitin Malhotra,Nitin,Indore,2026-07-15
P0260,Ankit Agrawal,,Bhopal,2026-08-26
P0261,Ankit Rao,A. Rao,Nagpur,2026-03-02
P0262,Mohit Joshi,M. Joshi,Indore,2026-03-02
P0263,Aman Jain,A. Jain,Jabalpur,2026-06-12
P0264,Dev Yadav,D. Yadav,Sagar,2026-01-26
P0265,Aakash Khan,A. Khan,Indore,2026-07-10
P0266,Rahul Bansal,Rahul,Sagar,2026-02-19
P0267,Neeraj Singh,N. Singh,Raipur,2026-03-20
P0268,Sameer Malhotra,,Raipur,2026-06-27
P0269,Neeraj Tiwari,Neeraj,Raipur,2026-06-01
P0270,Nitin Malhotra,Nitin,Gwalior,2026-06-25
P0271,Aditya Rao,Aditya,Jabalpur,2026-03-03
P0272,Dev Joshi,,Bhopal,2026-06-25
P0273,Vivek Patel,,Raipur,2026-03-06
P0274,Karan Bansal,Karan,Nagpur,2026-01-14
P0275,Nitin Sethi,N. Sethi,Ujjain,2026-08-08
P0276,Ravi Sethi,R. Sethi,Nagpur,2026-04-12
P0277,Ankit Jain,A. Jain,Ujjain,2026-07-17
P0278,Varun Mishra,Varun,Gwalior,2026-03-28
P0279,Rahul Verma,,Nagpur,2026-06-18
P0280,Vikram Tiwari,Vikram,Ujjain,2026-02-25
P0281,Karan Nair,K. Nair,Jabalpur,2026-07-03
P0282,Aman Jain,A. Jain,Bhopal,2026-07-02
P0283,Pankaj Tiwari,P. Tiwari,Gwalior,2026-07-03
P0284,Nitin Sethi,Nitin,Sagar,2026-02-27
P0285,Aakash Patel,Aakash,Bhopal,2026-05-27
P0286,Aditya Patel,,Nagpur,2026-08-20
P0287,Arjun Khan,Arjun,Ujjain,2026-04-27
P0288,Neeraj Agrawal,,Raipur,2026-02-25
P0289,Dev Sethi,D. Sethi,Indore,2026-01-08
P0290,Suresh Bansal,S. Bansal,Indore,2026-02-27
P0291,Aditya Bansal,,Bhopal,2026-04-23
P0292,Neeraj Malhotra,N. Malhotra,Bhopal,2026-06-08
P0293,Ankit Mishra,Ankit,Indore,2026-06-03
P0294,Varun Agrawal,,Bhopal,2026-07-28
P0295,Aditya Verma,,Raipur,2026-06-09
P0296,Arjun Singh,Arjun,Sagar,2026-04-24
P0297,Vikram Das,,Sagar,2026-03-02
P0298,Nitin Agrawal,N. Agrawal,Jabalpur,2026-08-23
P0299,Aditya Shah,Aditya,Indore,2026-08-02
P0300,Dev Rao,Dev,Gwalior,2026-01-11
P0301,Dev Tiwari,D. Tiwari,Nagpur,2026-05-02
P0302,Manish Malhotra,M. Malhotra,Bhopal,2026-06-09
P0303,Vikram Singh,V. Singh,Raipur,2026-08-13
P0304,Aakash Shah,A. Shah,Nagpur,2026-06-26
P0305,Varun Nair,Varun,Raipur,2026-02-14
P0306,Vivek Shah,,Ujjain,2026-06-04
P0307,Sameer Gupta,,Ujjain,2026-05-15
P0308,Vivek Mishra,Vivek,Nagpur,2026-06-15
P0309,Rohan Singh,,Raipur,2026-05-21
P0310,Rohan Khan,,Raipur,2026-06-17
P0311,Karan Mehta,Karan,Nagpur,2026-01-05
P0312,Sameer Sethi,,Sagar,2026-06-13
P0313,Ankit Verma,,Jabalpur,2026-08-12
P0314,Nitin Jain,Nitin,Jabalpur,2026-06-13
P0315,Aakash Nair,Aakash,Indore,2026-01-24
P0316,Karan Chauhan,,Raipur,2026-02-09
P0317,Rahul Jain,Rahul,Ujjain,2026-08-07
P0318,Vikram Patel,Vikram,Nagpur,2026-03-23
P0319,Mohit Khan,,Sagar,2026-06-23
P0320,Sameer Agrawal,,Ujjain,2026-05-28
P0321,Karan Shah,K. Shah,Gwalior,2026-02-07
P0322,Neeraj Sethi,N. Sethi,Bhopal,2026-06-18
P0323,Ankit Singh,A. Singh,Jabalpur,2026-02-03
P0324,Dev Yadav,,Nagpur,2026-07-25
P0325,Suresh Das,Suresh,Jabalpur,2026-06-21
P0326,Sameer Jain,S. Jain,Sagar,2026-03-27
P0327,Ravi Das,Ravi,Jabalpur,2026-07-17
P0328,Rohan Joshi,,Jabalpur,2026-05-06
P0329,Karan Gupta,,Gwalior,2026-06-17
P0330,Dev Khan,D. Khan,Gwalior,2026-05-05
P0331,Dev Bansal,,Indore,2026-03-19
P0332,Ankit Patel,Ankit,Sagar,2026-01-27
P0333,Arjun Khan,Arjun,Ujjain,2026-04-25
P0334,Ankit Mishra,,Bhopal,2026-08-21
P0335,Ravi Malhotra,,Ujjain,2026-08-08
P0336,Pankaj Malhotra,P. Malhotra,Indore,2026-01-06
P0337,Mohit Mishra,M. Mishra,Nagpur,2026-04-11
P0338,Vivek Patel,V. Patel,Sagar,2026-06-13
P0339,Neeraj Singh,,Indore,2026-06-08
P0340,Mohit Joshi,M. Joshi,Nagpur,2026-04-05
P0341,Vikram Verma,V. Verma,Raipur,2026-07-08
P0342,Karan Gupta,,Sagar,2026-04-25
P0343,Karan Chauhan,,Nagpur,2026-08-10
P0344,Aditya Mehta,Aditya,Raipur,2026-08-08
P0345,Manish Das,M. Das,Bhopal,2026-01-10
P0346,Aditya Bansal,,Nagpur,2026-05-18
P0347,Arjun Joshi,A. Joshi,Jabalpur,2026-05-24
P0348,Nitin Yadav,N. Yadav,Bhopal,2026-07-02
P0349,Ankit Agrawal,Ankit,Sagar,2026-05-03
P0350,Pankaj Tiwari,P. Tiwari,Ujjain,2026-02-05
P0351,Vikram Yadav,V. Yadav,Sagar,2026-06-25
P0352,Neeraj Rao,,Raipur,2026-01-02
P0353,Rohan Patel,,Sagar,2026-08-17
P0354,Mohit Patel,,Jabalpur,2026-06-20
P0355,Aakash Shah,A. Shah,Ujjain,2026-06-17
P0356,Varun Agrawal,V. Agrawal,Ujjain,2026-08-27
P0357,Arjun Singh,A. Singh,Indore,2026-07-19
P0358,Dev Mehta,,Nagpur,2026-05-21
P0359,Ankit Das,Ankit,Bhopal,2026-08-06
P0360,Varun Bansal,V. Bansal,Jabalpur,2026-04-02
P0361,Ankit Joshi,Ankit,Bhopal,2026-08-11
P0362,Suresh Patel,S. Patel,Gwalior,2026-07-17
P0363,Vivek Chauhan,,Bhopal,2026-03-17
P0364,Manish Agrawal,M. Agrawal,Nagpur,2026-07-11
P0365,Karan Jain,,Sagar,2026-06-22
P0366,Rahul Bansal,R. Bansal,Gwalior,2026-04-09
P0367,Ravi Malhotra,Ravi,Ujjain,2026-05-23
P0368,Manish Chauhan,M. Chauhan,Nagpur,2026-06-18
P0369,Rahul Malhotra,Rahul,Raipur,2026-07-27
P0370,Nitin Patel,N. Patel,Bhopal,2026-05-23
P0371,Sameer Singh,S. Singh,Ujjain,2026-08-07
P0372,Manish Agrawal,M. Agrawal,Ujjain,2026-03-04
P0373,Vivek Das,Vivek,Gwalior,2026-01-22
P0374,Varun Sethi,,Gwalior,2026-01-04
P0375,Suresh Gupta,,Nagpur,2026-02-22
P0376,Neeraj Mehta,,Jabalpur,2026-07-21
P0377,Aditya Chauhan,,Gwalior,2026-05-11
P0378,Dev Verma,Dev,Gwalior,2026-01-06
P0379,Suresh Shah,Suresh,Raipur,2026-08-06
P0380,Dev Verma,Dev,Ujjain,2026-02-11
P0381,Dev Jain,,Nagpur,2026-03-28
P0382,Varun Jain,V. Jain,Gwalior,2026-02-11
P0383,Karan Jain,,Ujjain,2026-03-01
P0384,Aakash Malhotra,,Gwalior,2026-03-20
P0385,Pankaj Mishra,,Sagar,2026-02-13
P0386,Vikram Shah,Vikram,Nagpur,2026-06-08
P0387,Arjun Nair,A. Nair,Gwalior,2026-08-25
P0388,Rahul Gupta,R. Gupta,Bhopal,2026-05-21
P0389,Nitin Sethi,Nitin,Indore,2026-08-10
P0390,Karan Yadav,,Ujjain,2026-02-21
P0391,Dev Singh,,Gwalior,2026-04-05
P0392,Aditya Patel,A. Patel,Sagar,2026-07-23
P0393,Ravi Chauhan,,Gwalior,2026-04-22
P0394,Vivek Khan,,Nagpur,2026-06-03
P0395,Ankit Joshi,Ankit,Gwalior,2026-03-06
P0396,Aakash Tiwari,A. Tiwari,Indore,2026-04-23
P0397,Ankit Chauhan,Ankit,Nagpur,2026-01-15
P0398,Neeraj Tiwari,N. Tiwari,Nagpur,2026-01-18
P0399,Mohit Malhotra,,Bhopal,2026-07-09
P0400,Arjun Rao,,Indore,2026-01-14
P0401,Nitin Khan,,Bhopal,2026-02-16
P0402,Rohan Malhotra,R. Malhotra,Jabalpur,2026-03-25
P0403,Suresh Singh,S. Singh,Nagpur,2026-07-13
P0404,Sameer Agrawal,Sameer,Sagar,2026-02-06
P0405,Ravi Yadav,,Jabalpur,2026-04-27
P0406,Arjun Mehta,A. Mehta,Nagpur,2026-07-18
P0407,Pankaj Sethi,Pankaj,Nagpur,2026-06-05
P0408,Rahul Rao,,Indore,2026-01-26
P0409,Suresh Bansal,Suresh,Gwalior,2026-04-03
P0410,Vikram Bansal,Vikram,Nagpur,2026-01-08
P0411,Rohan Yadav,R. Yadav,Gwalior,2026-04-25
P0412,Rohan Patel,,Ujjain,2026-04-27
P0413,Ankit Gupta,,Sagar,2026-04-10
P0414,Neeraj Tiwari,Neeraj,Raipur,2026-05-09
P0415,Rohan Agrawal,,Jabalpur,2026-07-18
P0416,Aditya Verma,A. Verma,Raipur,2026-06-23
P0417,Suresh Mishra,Suresh,Ujjain,2026-07-06
P0418,Ravi Chauhan,Ravi,Gwalior,2026-05-28
P0419,Neeraj Jain,Neeraj,Raipur,2026-07-18
P0420,Varun Patel,V. Patel,Gwalior,2026-05-07
P0421,Aakash Khan,A. Khan,Sagar,2026-02-18
P0422,Manish Verma,M. Verma,Raipur,2026-01-28
P0423,Sameer Rao,,Gwalior,2026-08-07
P0424,Aakash Malhotra,Aakash,Gwalior,2026-04-24
P0425,Vikram Chauhan,Vikram,Gwalior,2026-07-08
P0426,Ravi Gupta,R. Gupta,Raipur,2026-08-18
P0427,Nitin Malhotra,N. Malhotra,Sagar,2026-08-15
P0428,Vikram Chauhan,V. Chauhan,Gwalior,2026-06-11
P0429,Suresh Verma,,Gwalior,2026-03-01
P0430,Rahul Agrawal,,Raipur,2026-05-05
P0431,Manish Gupta,Manish,Raipur,2026-04-16
P0432,Ravi Gupta,R. Gupta,Nagpur,2026-08-15
P0433,Karan Singh,Karan,Jabalpur,2026-08-06
P0434,Ravi Verma,,Bhopal,2026-02-27
P0435,Rohan Mehta,R. Mehta,Jabalpur,2026-04-03
P0436,Neeraj Mehta,Neeraj,Nagpur,2026-06-02
P0437,Vivek Bansal,V. Bansal,Nagpur,2026-01-01
P0438,Ravi Agrawal,R. Agrawal,Bhopal,2026-01-17
P0439,Rahul Agrawal,R. Agrawal,Bhopal,2026-07-26
P0440,Karan Joshi,Karan,Jabalpur,2026-04-07
P0441,Vivek Tiwari,V. Tiwari,Sagar,2026-05-26
P0442,Pankaj Khan,P. Khan,Raipur,2026-08-19
P0443,Aman Sethi,A. Sethi,Indore,2026-01-03
P0444,Pankaj Yadav,P. Yadav,Nagpur,2026-01-21
P0445,Arjun Shah,Arjun,Nagpur,2026-07-21
P0446,Aakash Das,Aakash,Bhopal,2026-04-07
P0447,Ankit Chauhan,A. Chauhan,Bhopal,2026-02-22
P0448,Rahul Agrawal,,Bhopal,2026-03-28
P0449,Aakash Mehta,Aakash,Jabalpur,2026-07-03
P0450,Dev Shah,,Gwalior,2026-07-22
P0451,Ravi Gupta,R. Gupta,Jabalpur,2026-02-17
P0452,Nitin Verma,Nitin,Raipur,2026-04-27
P0453,Sameer Gupta,,Raipur,2026-06-01
P0454,Rahul Jain,R. Jain,Gwalior,2026-06-18
P0455,Pankaj Mishra,Pankaj,Raipur,2026-02-25
P0456,Vivek Malhotra,Vivek,Indore,2026-02-09
P0457,Neeraj Yadav,,Jabalpur,2026-07-11
P0458,Nitin Joshi,Nitin,Bhopal,2026-05-15
P0459,Nitin Nair,Nitin,Jabalpur,2026-02-06
P0460,Suresh Jain,,Raipur,2026-02-01
P0461,Sameer Singh,,Indore,2026-06-28
P0462,Pankaj Mehta,P. Mehta,Raipur,2026-07-25
P0463,Sameer Agrawal,Sameer,Jabalpur,2026-07-06
P0464,Neeraj Nair,N. Nair,Ujjain,2026-08-05
P0465,Sameer Shah,S. Shah,Ujjain,2026-07-10
P0466,Aditya Khan,A. Khan,Ujjain,2026-04-24
P0467,Aditya Bansal,,Gwalior,2026-08-04
P0468,Neeraj Malhotra,Neeraj,Raipur,2026-06-27
P0469,Vivek Yadav,V. Yadav,Nagpur,2026-06-14
P0470,Vivek Patel,V. Patel,Sagar,2026-04-16
P0471,Aakash Shah,A. Shah,Sagar,2026-05-24
P0472,Aditya Das,Aditya,Sagar,2026-07-09
P0473,Pankaj Singh,Pankaj,Gwalior,2026-03-22
P0474,Ravi Mehta,,Nagpur,2026-04-15
P0475,Dev Khan,D. Khan,Nagpur,2026-03-21
P0476,Dev Sethi,D. Sethi,Jabalpur,2026-07-26
P0477,Pankaj Khan,P. Khan,Nagpur,2026-07-18
P0478,Varun Mishra,,Bhopal,2026-06-23
P0479,Ravi Bansal,,Indore,2026-02-25
P0480,Aman Singh,Aman,Bhopal,2026-07-25
P0481,Aakash Mishra,Aakash,Bhopal,2026-02-09
P0482,Aman Tiwari,,Gwalior,2026-08-12
P0483,Pankaj Jain,,Jabalpur,2026-06-01
P0484,Aditya Joshi,A. Joshi,Raipur,2026-02-04
P0485,Neeraj Singh,N. Singh,Sagar,2026-08-26
P0486,Manish Tiwari,M. Tiwari,Sagar,2026-08-04
P0487,Mohit Jain,M. Jain,Indore,2026-05-02
P0488,Vikram Mehta,V. Mehta,Indore,2026-03-24
P0489,Aman Tiwari,Aman,Jabalpur,2026-06-18
P0490,Suresh Jain,Suresh,Raipur,2026-03-06
P0491,Suresh Yadav,Suresh,Gwalior,2026-08-19
P0492,Suresh Yadav,Suresh,Gwalior,2026-04-09
P0493,Sameer Das,Sameer,Jabalpur,2026-06-11
P0494,Manish Jain,Manish,Ujjain,2026-08-17
P0495,Aakash Bansal,A. Bansal,Raipur,2026-02-12
P0496,Nitin Jain,,Jabalpur,2026-05-20
P0497,Ankit Khan,,Jabalpur,2026-06-04
P0498,Aman Malhotra,Aman,Jabalpur,2026-06-23
P0499,Neeraj Tiwari,N. Tiwari,Raipur,2026-03-19
P0500,Pankaj Mishra,Pankaj,Nagpur,2026-03-18
